<?xml version='1.0' encoding='UTF-8'?>
<content xmlns:SOAP-ENV="http://schemas.xmlsoap.org/soap/envelope/" xmlns:SOAP-ENC="http://schemas.xmlsoap.org/soap/encoding/" xmlns:xsd="http://www.w3.org/2001/XMLSchema" xmlns:xsi="http://www.w3.org/2001/XMLSchema-instance" xmlns:bus="http://developer.cognos.com/schemas/bibus/3/" xmlns:cm="http://developer.cognos.com/schemas/bibus/3/">
	<cmBuildNumber>10.2.1003.211</cmBuildNumber>
	<edition>Enterprise</edition>
	<archiveVersion>6</archiveVersion>
	<exportedPackages>
		<filePackage>
			<filename>package1.xml</filename>
			<name>
				<item>
					<locale xsi:type="xsd:string">cs</locale><value xsi:type="xsd:string">Ukázky</value>
				</item>
				<item>
					<locale xsi:type="xsd:string">de</locale><value xsi:type="xsd:string">Beispiele</value>
				</item>
				<item>
					<locale xsi:type="xsd:string">en</locale><value xsi:type="xsd:string">Samples</value>
				</item>
				<item>
					<locale xsi:type="xsd:string">es</locale><value xsi:type="xsd:string">Ejemplos</value>
				</item>
				<item>
					<locale xsi:type="xsd:string">fr</locale><value xsi:type="xsd:string">Exemples</value>
				</item>
				<item>
					<locale xsi:type="xsd:string">hu</locale><value xsi:type="xsd:string">Példák</value>
				</item>
				<item>
					<locale xsi:type="xsd:string">it</locale><value xsi:type="xsd:string">Esempi</value>
				</item>
				<item>
					<locale xsi:type="xsd:string">ja</locale><value xsi:type="xsd:string">サンプル</value>
				</item>
				<item>
					<locale xsi:type="xsd:string">ko</locale><value xsi:type="xsd:string">견본</value>
				</item>
				<item>
					<locale xsi:type="xsd:string">pl</locale><value xsi:type="xsd:string">Przykłady</value>
				</item>
				<item>
					<locale xsi:type="xsd:string">pt-br</locale><value xsi:type="xsd:string">Amostras</value>
				</item>
				<item>
					<locale xsi:type="xsd:string">ro</locale><value xsi:type="xsd:string">Exemple</value>
				</item>
				<item>
					<locale xsi:type="xsd:string">ru</locale><value xsi:type="xsd:string">Примеры</value>
				</item>
				<item>
					<locale xsi:type="xsd:string">tr</locale><value xsi:type="xsd:string">Örnekler</value>
				</item>
				<item>
					<locale xsi:type="xsd:string">zh</locale><value xsi:type="xsd:string">示样</value>
				</item>
				<item>
					<locale xsi:type="xsd:string">zh-tw</locale><value xsi:type="xsd:string">範例</value>
				</item>
			</name>
			<objectClass>folder</objectClass>
			<searchPath>/content/folder[@name=&apos;Samples&apos;]</searchPath>
			<ancestors>
				<item>
					<objectClass xsi:type="cm:classEnum">content</objectClass><searchPath xsi:type="xsd:string">/content</searchPath><storeID xsi:type="cm:guid">iF261CCD2F9104E39983A44651296507A</storeID><name><item><locale xsi:type="xsd:string">en</locale><value xsi:type="xsd:string">Public Folders</value></item><item><locale xsi:type="xsd:string">ca</locale><value xsi:type="xsd:string">Carpetes públiques</value></item><item><locale xsi:type="xsd:string">cs</locale><value xsi:type="xsd:string">Veřejné složky</value></item><item><locale xsi:type="xsd:string">da</locale><value xsi:type="xsd:string">Offentlige mapper</value></item><item><locale xsi:type="xsd:string">de</locale><value xsi:type="xsd:string">Öffentliche Ordner</value></item><item><locale xsi:type="xsd:string">el</locale><value xsi:type="xsd:string">Δημόσιοι φάκελοι</value></item><item><locale xsi:type="xsd:string">es</locale><value xsi:type="xsd:string">Carpetas públicas</value></item><item><locale xsi:type="xsd:string">fi</locale><value xsi:type="xsd:string">Julkiset kansiot</value></item><item><locale xsi:type="xsd:string">fr</locale><value xsi:type="xsd:string">Dossiers publics</value></item><item><locale xsi:type="xsd:string">hr</locale><value xsi:type="xsd:string">Javni direktoriji</value></item><item><locale xsi:type="xsd:string">hu</locale><value xsi:type="xsd:string">Nyilvános mappák</value></item><item><locale xsi:type="xsd:string">id</locale><value xsi:type="xsd:string">Folder Umum</value></item><item><locale xsi:type="xsd:string">it</locale><value xsi:type="xsd:string">Cartelle pubbliche</value></item><item><locale xsi:type="xsd:string">ja</locale><value xsi:type="xsd:string">共有フォルダ</value></item><item><locale xsi:type="xsd:string">kk</locale><value xsi:type="xsd:string">Жалпы Қалталар</value></item><item><locale xsi:type="xsd:string">ko</locale><value xsi:type="xsd:string">공유 폴더</value></item><item><locale xsi:type="xsd:string">ms</locale><value xsi:type="xsd:string">Folder Umum</value></item><item><locale xsi:type="xsd:string">nb</locale><value xsi:type="xsd:string">Fellesmapper</value></item><item><locale xsi:type="xsd:string">nl</locale><value xsi:type="xsd:string">Gedeelde mappen</value></item><item><locale xsi:type="xsd:string">no</locale><value xsi:type="xsd:string">Fellesmapper</value></item><item><locale xsi:type="xsd:string">pl</locale><value xsi:type="xsd:string">Foldery publiczne</value></item><item><locale xsi:type="xsd:string">pt</locale><value xsi:type="xsd:string">Pastas públicas</value></item><item><locale xsi:type="xsd:string">ro</locale><value xsi:type="xsd:string">Dosare publice</value></item><item><locale xsi:type="xsd:string">ru</locale><value xsi:type="xsd:string">Общие папки</value></item><item><locale xsi:type="xsd:string">sk</locale><value xsi:type="xsd:string">Verejné priečinky</value></item><item><locale xsi:type="xsd:string">sl</locale><value xsi:type="xsd:string">Javne mape</value></item><item><locale xsi:type="xsd:string">sv</locale><value xsi:type="xsd:string">Gemensamma mappar</value></item><item><locale xsi:type="xsd:string">th</locale><value xsi:type="xsd:string">โฟลเดอร์ทั่วไป</value></item><item><locale xsi:type="xsd:string">tr</locale><value xsi:type="xsd:string">Genel Klasörler</value></item><item><locale xsi:type="xsd:string">zh-cn</locale><value xsi:type="xsd:string">公共文件夹</value></item><item><locale xsi:type="xsd:string">zh-hk</locale><value xsi:type="xsd:string">公共資料夾</value></item><item><locale xsi:type="xsd:string">zh-mo</locale><value xsi:type="xsd:string">公共資料夾</value></item><item><locale xsi:type="xsd:string">zh-sg</locale><value xsi:type="xsd:string">公共文件夹</value></item><item><locale xsi:type="xsd:string">zh-tw</locale><value xsi:type="xsd:string">公共資料夾</value></item></name>
				</item>
			</ancestors>
		</filePackage>
	</exportedPackages>
	<plugins>
		<plugin>
			<pluginName>ANS_ANSHighLeveSpec</pluginName>
			<pluginVersion>2.002</pluginVersion>
		</plugin>
		<plugin>
			<pluginName>CM_internal</pluginName>
			<pluginVersion>5.016</pluginVersion>
		</plugin>
		<plugin>
			<pluginName>CM_internal_Optional</pluginName>
			<pluginVersion>5.003</pluginVersion>
		</plugin>
		<plugin>
			<pluginName>CPS_portalPage</pluginName>
			<pluginVersion>3.002</pluginVersion>
		</plugin>
		<plugin>
			<pluginName>CPS_WSRPPortletToFragmentUpgrade</pluginName>
			<pluginVersion>3.003</pluginVersion>
		</plugin>
		<plugin>
			<pluginName>CPS_UpgradePortletNames</pluginName>
			<pluginVersion>3.004</pluginVersion>
		</plugin>
		<plugin>
			<pluginName>CPS_UpgradePortletNamesColorado</pluginName>
			<pluginVersion>3.005</pluginVersion>
		</plugin>
		<plugin>
			<pluginName>FM_Model</pluginName>
			<pluginVersion>3.001</pluginVersion>
		</plugin>
		<plugin>
			<pluginName>QS_QSMiniQuery</pluginName>
			<pluginVersion>2.002</pluginVersion>
		</plugin>
		<plugin>
			<pluginName>RSpecUpgrade_RSpecUpgrade</pluginName>
			<pluginVersion>6.0</pluginVersion>
		</plugin>
	</plugins>
</content>
